EUR;USD;BGN
0.06817000000000001;0.07438;0.13307
0.13634000000000002;0.14876;0.26614
