EUR;USD;BGN
0.06817000000000001;0.07438;0.13307
