mètres;millimètres;miles
10000.0;1.0E7;6.21371
20000.0;2.0E7;12.42742
30000.0;3.0E7;18.64113
