km/h;noeuds;mph
36.0;19.4384;22.369400000000002
72.0;38.8768;44.738800000000005
